{"B0000530HU": 0.40602499999999997, "B00006L9LC": 0.6196375000000001, "B00021DJ32": 0.9415, "B0002JHI1I": 0.9917, "B0006O10P4": 0.9000333333333334, "B0009RF9DW": 0.668831887755102, "B000FI4S1E": 0.668831887755102, "B000FOI48G": 0.7781466666666667, "B000FTYALG": 0.40602499999999997, "B000GLRREU": 0.7781466666666667, "B000LIBUBY": 0.7400599999999999, "B000NKJIXM": 0.6253866666666668, "B000PKKAGO": 0.592325, "B000URXP6E": 0.637872812135356, "B000V5Z4J6": 0.721875, "B000VUXCGI": 0.73795, "B000VV1YOY": 0.699675, "B000W0C07Y": 0.3336, "B000WR2HB6": 0.296, "B000WYJTZG": 0.705, "B000X2FPXC": 0.9743, "B000X7ST9Y": 0.9489, "B000YB70PS": 0.4404, "B0010ZBORW": 0.7304285714285713, "B00112DRHY": 0.7094, "B0011FYB5I": 0.2936, "B00120VWTK": 0.9794, "B00126LYJM": 0.9081, "B0012XPRO8": 0.776, "B0012Y0ZG2": 0.6432630580357143, "B0013NB7DW": 0.5175500000000001, "B0014SQQ3M": 0.4199, "B00155Z6V2": 0.7248, "B00157OBRU": 0.6697, "B0017TZD7S": 0.6031, "B001E5PLCM": 0.61895, "B001E96LUO": 0.9430857142857143, "B001ET7FZE": 0.8902076923076923, "B001F51RAG": 0.84695, "B001LNODUS": 0.683469696969697, "B001OHV1H4": 0.6196745901639344, "B001QY8QXM": 0.7710666666666667, "B002GP80EU": 0.48042222222222225, "B002RZZXYE": 0.99155, "B004CALFE4": 0.7516428571428572, "B004KEJ65C": 0.3767666666666667, "B006IB5T4W": 0.9174599999999999, "B006WYJM8Y": 0.9863, "B007R6UXNY": 0.78334, "B007V6JNE0": 0.8439, "B008YQM4A6": 0.6489125, "B0091OCA86": 0.7717, "B00AKP21KM": 0.6757, "B00B7V273E": 0.9744, "B00B9V9ASM": 0.6408333333333333, "B00BSE3III": 0.5568, "B00CQ0LN80": 0.3637, "B00CZH3K1C": 0.9831799999999999, "B00DY59MB6": 0.5012333333333333, "B00EF1QRMU": 0.6986833333333333, "B00EYZY6LQ": 0.812192857142857, "B00GHJOM2U": 0.9857, "B00HLXEXDO": 0.5895, "B00IJHY54S": 0.8394375, "B00JF2GVWK": 0.66955, "B00L1I1VMG": 0.590525, "B00MGK9Z8U": 0.9966, "B00MTR49IG": 0.6439857142857143, "B00N2WQ2IW": 0.9072222222222224, "B00NT0AR7E": 0.94815, "B00QXW95Q4": 0.7154200000000001, "B00RZYW4RG": 0.6018727272727272, "B00UWB35UY": 0.7533000000000001, "B00VARTPKS": 0.26626, "B00VG1AV5Q": 0.6784666666666667, "B00W259T7G": 0.7664619631901841, "B016V8YWBC": 0.8819625, "B019809F9Y": 0.48008636363636364, "B019FWRG3C": 0.683469696969697, "B019LAI4HU": 0.82248, "B019V2KYZS": 0.6063333333333333, "B01BNEYGQU": 0.8902076923076923, "B01DKQAXC0": 0.5423, "B01DLR9IDI": 0.6091714285714286, "B01E7UKR38": 0.8725913043478262}